{"0":6169600,"1":389879808,"2":113574190.7826087,"3":91578290.43749978,"4":92774400,"5":117972992,"6":10735026,"7":227547136}